--------------------------------------------------------
--  File created - Chủ Nhật-tháng 6-15-2025   
--------------------------------------------------------
--------------------------------------------------------
--  DDL for Table BANNERS
--------------------------------------------------------

  CREATE TABLE "SYSTEM"."BANNERS" 
   (	"ID" NUMBER GENERATED BY DEFAULT AS IDENTITY MINVALUE 1 MAXVALUE 9999999999999999999999999999 INCREMENT BY 1 START WITH 1 CACHE 20 NOORDER  NOCYCLE  NOKEEP  NOSCALE , 
	"TITLE" VARCHAR2(200 BYTE), 
	"IMAGE" VARCHAR2(200 BYTE), 
	"PRIOTY" NUMBER, 
	"STATUS" NUMBER, 
	"LINK" VARCHAR2(500 BYTE), 
	"POSITION" VARCHAR2(100 BYTE)
   ) PCTFREE 10 PCTUSED 40 INITRANS 1 MAXTRANS 255 
 NOCOMPRESS LOGGING
  STORAGE(INITIAL 65536 NEXT 1048576 MINEXTENTS 1 MAXEXTENTS 2147483645
  PCTINCREASE 0 FREELISTS 1 FREELIST GROUPS 1
  BUFFER_POOL DEFAULT FLASH_CACHE DEFAULT CELL_FLASH_CACHE DEFAULT)
  TABLESPACE "SYSTEM" ;
--------------------------------------------------------
--  DDL for Table CATEGORIES
--------------------------------------------------------

  CREATE TABLE "SYSTEM"."CATEGORIES" 
   (	"ID" NUMBER GENERATED BY DEFAULT AS IDENTITY MINVALUE 1 MAXVALUE 9999999999999999999999999999 INCREMENT BY 1 START WITH 1 CACHE 20 NOORDER  NOCYCLE  NOKEEP  NOSCALE , 
	"NAME" VARCHAR2(255 CHAR), 
	"STATUS" NUMBER
   ) PCTFREE 10 PCTUSED 40 INITRANS 1 MAXTRANS 255 
 NOCOMPRESS LOGGING
  STORAGE(INITIAL 65536 NEXT 1048576 MINEXTENTS 1 MAXEXTENTS 2147483645
  PCTINCREASE 0 FREELISTS 1 FREELIST GROUPS 1
  BUFFER_POOL DEFAULT FLASH_CACHE DEFAULT CELL_FLASH_CACHE DEFAULT)
  TABLESPACE "SYSTEM" ;
--------------------------------------------------------
--  DDL for Table CUSTOMERS
--------------------------------------------------------

  CREATE TABLE "SYSTEM"."CUSTOMERS" 
   (	"ID" NUMBER GENERATED BY DEFAULT AS IDENTITY MINVALUE 1 MAXVALUE 9999999999999999999999999999 INCREMENT BY 1 START WITH 1 CACHE 20 NOORDER  NOCYCLE  NOKEEP  NOSCALE , 
	"NAME" VARCHAR2(100 BYTE), 
	"EMAIL" VARCHAR2(100 BYTE), 
	"PHONE" VARCHAR2(15 BYTE), 
	"BIRTHDAY" DATE, 
	"GENDER" VARCHAR2(10 BYTE), 
	"ADDRESS" VARCHAR2(300 BYTE), 
	"CREATED" DATE, 
	"PASSWORD" VARCHAR2(100 BYTE)
   ) PCTFREE 10 PCTUSED 40 INITRANS 1 MAXTRANS 255 
 NOCOMPRESS LOGGING
  STORAGE(INITIAL 65536 NEXT 1048576 MINEXTENTS 1 MAXEXTENTS 2147483645
  PCTINCREASE 0 FREELISTS 1 FREELIST GROUPS 1
  BUFFER_POOL DEFAULT FLASH_CACHE DEFAULT CELL_FLASH_CACHE DEFAULT)
  TABLESPACE "SYSTEM" ;
--------------------------------------------------------
--  DDL for Table PRODUCTS
--------------------------------------------------------

  CREATE TABLE "SYSTEM"."PRODUCTS" 
   (	"ID" NUMBER GENERATED BY DEFAULT AS IDENTITY MINVALUE 1 MAXVALUE 9999999999999999999999999999 INCREMENT BY 1 START WITH 1 CACHE 20 NOORDER  NOCYCLE  NOKEEP  NOSCALE , 
	"NAME" VARCHAR2(200 BYTE), 
	"STATUS" NUMBER, 
	"PRICE" NUMBER, 
	"CREATED" DATE, 
	"IMAGE" VARCHAR2(200 BYTE), 
	"CATEGORY_ID" NUMBER, 
	"DESCRIPTION" VARCHAR2(2000 BYTE)
   ) PCTFREE 10 PCTUSED 40 INITRANS 1 MAXTRANS 255 
 NOCOMPRESS LOGGING
  STORAGE(INITIAL 65536 NEXT 1048576 MINEXTENTS 1 MAXEXTENTS 2147483645
  PCTINCREASE 0 FREELISTS 1 FREELIST GROUPS 1
  BUFFER_POOL DEFAULT FLASH_CACHE DEFAULT CELL_FLASH_CACHE DEFAULT)
  TABLESPACE "SYSTEM" ;
--------------------------------------------------------
--  DDL for Table REVIEWERS
--------------------------------------------------------

  CREATE TABLE "SYSTEM"."REVIEWERS" 
   (	"ID" NUMBER GENERATED BY DEFAULT AS IDENTITY MINVALUE 1 MAXVALUE 9999999999999999999999999999 INCREMENT BY 1 START WITH 1 CACHE 20 NOORDER  NOCYCLE  NOKEEP  NOSCALE , 
	"PRODUCT_ID" NUMBER, 
	"CUSTOMER_ID" NUMBER, 
	"STAR_VALUE" NUMBER, 
	"CONTENT" VARCHAR2(500 BYTE)
   ) PCTFREE 10 PCTUSED 40 INITRANS 1 MAXTRANS 255 
 NOCOMPRESS LOGGING
  STORAGE(INITIAL 65536 NEXT 1048576 MINEXTENTS 1 MAXEXTENTS 2147483645
  PCTINCREASE 0 FREELISTS 1 FREELIST GROUPS 1
  BUFFER_POOL DEFAULT FLASH_CACHE DEFAULT CELL_FLASH_CACHE DEFAULT)
  TABLESPACE "SYSTEM" ;
--------------------------------------------------------
--  DDL for Table USERS
--------------------------------------------------------

  CREATE TABLE "SYSTEM"."USERS" 
   (	"ID" NUMBER GENERATED BY DEFAULT AS IDENTITY MINVALUE 1 MAXVALUE 9999999999999999999999999999 INCREMENT BY 1 START WITH 1 CACHE 20 NOORDER  NOCYCLE  NOKEEP  NOSCALE , 
	"NAME" VARCHAR2(255 CHAR), 
	"EMAIL" VARCHAR2(255 CHAR), 
	"PASSWORD" VARCHAR2(255 CHAR), 
	"ROLE" VARCHAR2(255 CHAR) DEFAULT ('USER'), 
	"ADDRESS" VARCHAR2(255 CHAR), 
	"ENABLED" NUMBER(1,0) DEFAULT 1, 
	"FULLNAME" VARCHAR2(255 CHAR), 
	"GENDER" NUMBER(1,0), 
	"TELEPHONE" VARCHAR2(255 CHAR), 
	"USERNAME" VARCHAR2(255 CHAR)
   ) PCTFREE 10 PCTUSED 40 INITRANS 1 MAXTRANS 255 
 NOCOMPRESS LOGGING
  STORAGE(INITIAL 65536 NEXT 1048576 MINEXTENTS 1 MAXEXTENTS 2147483645
  PCTINCREASE 0 FREELISTS 1 FREELIST GROUPS 1
  BUFFER_POOL DEFAULT FLASH_CACHE DEFAULT CELL_FLASH_CACHE DEFAULT)
  TABLESPACE "SYSTEM" ;
--------------------------------------------------------
--  DDL for Table ORDER_DETAILS
--------------------------------------------------------

  CREATE TABLE "SYSTEM"."ORDER_DETAILS" 
   (	"ID" NUMBER GENERATED BY DEFAULT AS IDENTITY MINVALUE 1 MAXVALUE 9999999999999999999999999999 INCREMENT BY 1 START WITH 1 CACHE 20 NOORDER  NOCYCLE  NOKEEP  NOSCALE , 
	"ORDER_ID" NUMBER, 
	"PRODUCT_ID" NUMBER, 
	"QUANTITY" NUMBER, 
	"PRICE" NUMBER
   ) PCTFREE 10 PCTUSED 40 INITRANS 1 MAXTRANS 255 
 NOCOMPRESS LOGGING
  STORAGE(INITIAL 65536 NEXT 1048576 MINEXTENTS 1 MAXEXTENTS 2147483645
  PCTINCREASE 0 FREELISTS 1 FREELIST GROUPS 1
  BUFFER_POOL DEFAULT FLASH_CACHE DEFAULT CELL_FLASH_CACHE DEFAULT)
  TABLESPACE "SYSTEM" ;
--------------------------------------------------------
--  DDL for Table ORDERS
--------------------------------------------------------

  CREATE TABLE "SYSTEM"."ORDERS" 
   (	"ID" NUMBER GENERATED BY DEFAULT AS IDENTITY MINVALUE 1 MAXVALUE 9999999999999999999999999999 INCREMENT BY 1 START WITH 1 CACHE 20 NOORDER  NOCYCLE  NOKEEP  NOSCALE , 
	"CREATED" DATE, 
	"STATUS" NUMBER, 
	"CUSTOMER_ID" NUMBER, 
	"ORDER_NOTE" VARCHAR2(500 BYTE)
   ) PCTFREE 10 PCTUSED 40 INITRANS 1 MAXTRANS 255 
 NOCOMPRESS LOGGING
  STORAGE(INITIAL 65536 NEXT 1048576 MINEXTENTS 1 MAXEXTENTS 2147483645
  PCTINCREASE 0 FREELISTS 1 FREELIST GROUPS 1
  BUFFER_POOL DEFAULT FLASH_CACHE DEFAULT CELL_FLASH_CACHE DEFAULT)
  TABLESPACE "SYSTEM" ;
REM INSERTING into SYSTEM.BANNERS
SET DEFINE OFF;
Insert into SYSTEM.BANNERS (ID,TITLE,IMAGE,PRIOTY,STATUS,LINK,POSITION) values (1,'Big Sale','/images/banner1.jpg',1,1,'/sale','homepage');
Insert into SYSTEM.BANNERS (ID,TITLE,IMAGE,PRIOTY,STATUS,LINK,POSITION) values (2,'New Arrivals','/images/banner2.jpg',2,1,'/new','homepage');
REM INSERTING into SYSTEM.CATEGORIES
SET DEFINE OFF;
Insert into SYSTEM.CATEGORIES (ID,NAME,STATUS) values (1,'Laptops',1);
Insert into SYSTEM.CATEGORIES (ID,NAME,STATUS) values (2,'Smartphones',1);
Insert into SYSTEM.CATEGORIES (ID,NAME,STATUS) values (3,'Cameras',1);
Insert into SYSTEM.CATEGORIES (ID,NAME,STATUS) values (4,'Accessories',1);
REM INSERTING into SYSTEM.CUSTOMERS
SET DEFINE OFF;
Insert into SYSTEM.CUSTOMERS (ID,NAME,EMAIL,PHONE,BIRTHDAY,GENDER,ADDRESS,CREATED,PASSWORD) values (3,'Nguyen Van A','a@example.com','0912345678',to_date('15-MAY-00','DD-MON-RR'),'Nam','123 Lê Lợi, Hà Nội',to_date('01-JUN-24','DD-MON-RR'),'password123');
Insert into SYSTEM.CUSTOMERS (ID,NAME,EMAIL,PHONE,BIRTHDAY,GENDER,ADDRESS,CREATED,PASSWORD) values (4,'Tran Thi B','b@example.com','0987654321',to_date('20-AUG-98','DD-MON-RR'),'Nữ','456 Trần Hưng Đạo, TP.HCM',to_date('02-JUN-24','DD-MON-RR'),'securepass');
REM INSERTING into SYSTEM.PRODUCTS
SET DEFINE OFF;
Insert into SYSTEM.PRODUCTS (ID,NAME,STATUS,PRICE,CREATED,IMAGE,CATEGORY_ID,DESCRIPTION) values (29,'MacBook Pro M2',1,45000000,to_date('01-JUN-24','DD-MON-RR'),'macbook.jpg',1,'Laptop hiệu năng cao, chip Apple M2');
Insert into SYSTEM.PRODUCTS (ID,NAME,STATUS,PRICE,CREATED,IMAGE,CATEGORY_ID,DESCRIPTION) values (30,'Dell XPS 13',1,38000000,to_date('02-JUN-24','DD-MON-RR'),'dell_xps.jpg',1,'Laptop mỏng nhẹ, màn hình 4K');
Insert into SYSTEM.PRODUCTS (ID,NAME,STATUS,PRICE,CREATED,IMAGE,CATEGORY_ID,DESCRIPTION) values (31,'HP Spectre x360',1,34000000,to_date('03-JUN-24','DD-MON-RR'),'hp_spectre.jpg',1,'Laptop 2-in-1 cảm ứng, pin lâu');
Insert into SYSTEM.PRODUCTS (ID,NAME,STATUS,PRICE,CREATED,IMAGE,CATEGORY_ID,DESCRIPTION) values (32,'Asus ROG Zephyrus',1,52000000,to_date('04-JUN-24','DD-MON-RR'),'asus_rog.jpg',1,'Laptop gaming cao cấp, hiệu năng đỉnh');
Insert into SYSTEM.PRODUCTS (ID,NAME,STATUS,PRICE,CREATED,IMAGE,CATEGORY_ID,DESCRIPTION) values (33,'Lenovo ThinkPad X1 Carbon',1,39000000,to_date('05-JUN-24','DD-MON-RR'),'thinkpad_x1.jpg',1,'Laptop doanh nhân, siêu bền và nhẹ');
Insert into SYSTEM.PRODUCTS (ID,NAME,STATUS,PRICE,CREATED,IMAGE,CATEGORY_ID,DESCRIPTION) values (34,'iPhone 14 Pro',1,29000000,to_date('06-JUN-24','DD-MON-RR'),'iphone14pro.jpg',2,'Smartphone cao cấp của Apple');
Insert into SYSTEM.PRODUCTS (ID,NAME,STATUS,PRICE,CREATED,IMAGE,CATEGORY_ID,DESCRIPTION) values (35,'Samsung Galaxy S23',1,26000000,to_date('07-JUN-24','DD-MON-RR'),'galaxy_s23.jpg',2,'Flagship Android mạnh mẽ');
Insert into SYSTEM.PRODUCTS (ID,NAME,STATUS,PRICE,CREATED,IMAGE,CATEGORY_ID,DESCRIPTION) values (36,'Xiaomi 13 Pro',1,21000000,to_date('08-JUN-24','DD-MON-RR'),'xiaomi13pro.jpg',2,'Hiệu năng mạnh, camera Leica');
Insert into SYSTEM.PRODUCTS (ID,NAME,STATUS,PRICE,CREATED,IMAGE,CATEGORY_ID,DESCRIPTION) values (37,'Google Pixel 7',1,20000000,to_date('09-JUN-24','DD-MON-RR'),'pixel7.jpg',2,'Android gốc, camera AI thông minh');
Insert into SYSTEM.PRODUCTS (ID,NAME,STATUS,PRICE,CREATED,IMAGE,CATEGORY_ID,DESCRIPTION) values (38,'OnePlus 11',1,19000000,to_date('10-JUN-24','DD-MON-RR'),'oneplus11.jpg',2,'Smartphone cấu hình khủng, sạc siêu nhanh');
Insert into SYSTEM.PRODUCTS (ID,NAME,STATUS,PRICE,CREATED,IMAGE,CATEGORY_ID,DESCRIPTION) values (39,'Sony Alpha a6400',1,24000000,to_date('11-JUN-24','DD-MON-RR'),'sony_a6400.jpg',3,'Máy ảnh không gương lật, chất lượng cao');
Insert into SYSTEM.PRODUCTS (ID,NAME,STATUS,PRICE,CREATED,IMAGE,CATEGORY_ID,DESCRIPTION) values (40,'Canon EOS R10',1,21000000,to_date('12-JUN-24','DD-MON-RR'),'canon_r10.jpg',3,'Máy ảnh chuyên nghiệp cho người mới');
Insert into SYSTEM.PRODUCTS (ID,NAME,STATUS,PRICE,CREATED,IMAGE,CATEGORY_ID,DESCRIPTION) values (41,'Fujifilm X-T30 II',1,22000000,to_date('13-JUN-24','DD-MON-RR'),'fujifilm_xt30.jpg',3,'Chụp màu đẹp, retro, cảm biến X-Trans');
Insert into SYSTEM.PRODUCTS (ID,NAME,STATUS,PRICE,CREATED,IMAGE,CATEGORY_ID,DESCRIPTION) values (42,'Nikon Z30',1,20000000,to_date('14-JUN-24','DD-MON-RR'),'nikon_z30.jpg',3,'Máy ảnh vlog nhỏ gọn');
Insert into SYSTEM.PRODUCTS (ID,NAME,STATUS,PRICE,CREATED,IMAGE,CATEGORY_ID,DESCRIPTION) values (43,'Panasonic Lumix G100',1,19500000,to_date('15-JUN-24','DD-MON-RR'),'lumix_g100.jpg',3,'Máy ảnh quay video tốt, mic tích hợp');
Insert into SYSTEM.PRODUCTS (ID,NAME,STATUS,PRICE,CREATED,IMAGE,CATEGORY_ID,DESCRIPTION) values (44,'Tai nghe AirPods Pro 2',1,5500000,to_date('16-JUN-24','DD-MON-RR'),'airpodspro.jpg',4,'Tai nghe chống ồn cao cấp của Apple');
Insert into SYSTEM.PRODUCTS (ID,NAME,STATUS,PRICE,CREATED,IMAGE,CATEGORY_ID,DESCRIPTION) values (45,'Loa Bluetooth JBL Charge 5',1,3200000,to_date('17-JUN-24','DD-MON-RR'),'jbl_charge5.jpg',4,'Loa di động âm thanh sống động');
Insert into SYSTEM.PRODUCTS (ID,NAME,STATUS,PRICE,CREATED,IMAGE,CATEGORY_ID,DESCRIPTION) values (46,'Chuột Logitech MX Master 3S',1,2500000,to_date('18-JUN-24','DD-MON-RR'),'logitech_mx.jpg',4,'Chuột không dây đa năng cho dân văn phòng');
Insert into SYSTEM.PRODUCTS (ID,NAME,STATUS,PRICE,CREATED,IMAGE,CATEGORY_ID,DESCRIPTION) values (47,'Bàn phím Keychron K2',1,2100000,to_date('19-JUN-24','DD-MON-RR'),'keychron_k2.jpg',4,'Bàn phím cơ bluetooth hot nhất hiện nay');
Insert into SYSTEM.PRODUCTS (ID,NAME,STATUS,PRICE,CREATED,IMAGE,CATEGORY_ID,DESCRIPTION) values (48,'Đế tản nhiệt laptop Cooler Master',1,950000,to_date('20-JUN-24','DD-MON-RR'),'cooler_master.jpg',4,'Giúp laptop mát mẻ khi làm việc lâu');
REM INSERTING into SYSTEM.REVIEWERS
SET DEFINE OFF;
Insert into SYSTEM.REVIEWERS (ID,PRODUCT_ID,CUSTOMER_ID,STAR_VALUE,CONTENT) values (1,29,3,5,'Laptop chất lượng, hiệu năng tốt.');
Insert into SYSTEM.REVIEWERS (ID,PRODUCT_ID,CUSTOMER_ID,STAR_VALUE,CONTENT) values (2,30,3,4,'Smartphone thiết kế đẹp, pin ổn.');
Insert into SYSTEM.REVIEWERS (ID,PRODUCT_ID,CUSTOMER_ID,STAR_VALUE,CONTENT) values (3,35,3,5,'Camera rõ nét, chụp đêm ổn.');
Insert into SYSTEM.REVIEWERS (ID,PRODUCT_ID,CUSTOMER_ID,STAR_VALUE,CONTENT) values (4,40,3,3,'Phụ kiện ổn trong tầm giá.');
Insert into SYSTEM.REVIEWERS (ID,PRODUCT_ID,CUSTOMER_ID,STAR_VALUE,CONTENT) values (5,41,3,4,'Sản phẩm đúng mô tả, giao hàng nhanh.');
REM INSERTING into SYSTEM.USERS
SET DEFINE OFF;
Insert into SYSTEM.USERS (ID,NAME,EMAIL,PASSWORD,ROLE,ADDRESS,ENABLED,FULLNAME,GENDER,TELEPHONE,USERNAME) values (1,'Admin','admin@example.com','$2a$10$DYqQFNcD6qfvdk9BbxUQ.uMylc3E/K7vOyXhgQqqCa1.Ep2qiZEVm','ADMIN',null,1,null,null,null,null);
Insert into SYSTEM.USERS (ID,NAME,EMAIL,PASSWORD,ROLE,ADDRESS,ENABLED,FULLNAME,GENDER,TELEPHONE,USERNAME) values (2,'UserOne','user1@example.com','$2a$10$xxx...userhash','USER',null,1,null,null,null,null);
REM INSERTING into SYSTEM.ORDER_DETAILS
SET DEFINE OFF;
Insert into SYSTEM.ORDER_DETAILS (ID,ORDER_ID,PRODUCT_ID,QUANTITY,PRICE) values (5,3,29,1,15000000);
Insert into SYSTEM.ORDER_DETAILS (ID,ORDER_ID,PRODUCT_ID,QUANTITY,PRICE) values (6,3,30,2,12000000);
Insert into SYSTEM.ORDER_DETAILS (ID,ORDER_ID,PRODUCT_ID,QUANTITY,PRICE) values (7,4,35,1,22000000);
Insert into SYSTEM.ORDER_DETAILS (ID,ORDER_ID,PRODUCT_ID,QUANTITY,PRICE) values (8,4,40,3,8500000);
Insert into SYSTEM.ORDER_DETAILS (ID,ORDER_ID,PRODUCT_ID,QUANTITY,PRICE) values (9,4,41,1,7900000);
REM INSERTING into SYSTEM.ORDERS
SET DEFINE OFF;
Insert into SYSTEM.ORDERS (ID,CREATED,STATUS,CUSTOMER_ID,ORDER_NOTE) values (3,to_date('05-JUN-24','DD-MON-RR'),1,3,'Giao hàng nhanh');
Insert into SYSTEM.ORDERS (ID,CREATED,STATUS,CUSTOMER_ID,ORDER_NOTE) values (4,to_date('06-JUN-24','DD-MON-RR'),0,4,'Yêu cầu kiểm tra sản phẩm trước khi nhận');
--------------------------------------------------------
--  DDL for Index SYS_C008081
--------------------------------------------------------

  CREATE UNIQUE INDEX "SYSTEM"."SYS_C008081" ON "SYSTEM"."BANNERS" ("ID") 
  PCTFREE 10 INITRANS 2 MAXTRANS 255 COMPUTE STATISTICS 
  STORAGE(INITIAL 65536 NEXT 1048576 MINEXTENTS 1 MAXEXTENTS 2147483645
  PCTINCREASE 0 FREELISTS 1 FREELIST GROUPS 1
  BUFFER_POOL DEFAULT FLASH_CACHE DEFAULT CELL_FLASH_CACHE DEFAULT)
  TABLESPACE "SYSTEM" ;
--------------------------------------------------------
--  DDL for Index SYS_C008075
--------------------------------------------------------

  CREATE UNIQUE INDEX "SYSTEM"."SYS_C008075" ON "SYSTEM"."CATEGORIES" ("ID") 
  PCTFREE 10 INITRANS 2 MAXTRANS 255 COMPUTE STATISTICS 
  STORAGE(INITIAL 65536 NEXT 1048576 MINEXTENTS 1 MAXEXTENTS 2147483645
  PCTINCREASE 0 FREELISTS 1 FREELIST GROUPS 1
  BUFFER_POOL DEFAULT FLASH_CACHE DEFAULT CELL_FLASH_CACHE DEFAULT)
  TABLESPACE "SYSTEM" ;
--------------------------------------------------------
--  DDL for Index SYS_C008083
--------------------------------------------------------

  CREATE UNIQUE INDEX "SYSTEM"."SYS_C008083" ON "SYSTEM"."CUSTOMERS" ("ID") 
  PCTFREE 10 INITRANS 2 MAXTRANS 255 COMPUTE STATISTICS 
  STORAGE(INITIAL 65536 NEXT 1048576 MINEXTENTS 1 MAXEXTENTS 2147483645
  PCTINCREASE 0 FREELISTS 1 FREELIST GROUPS 1
  BUFFER_POOL DEFAULT FLASH_CACHE DEFAULT CELL_FLASH_CACHE DEFAULT)
  TABLESPACE "SYSTEM" ;
--------------------------------------------------------
--  DDL for Index SYS_C008078
--------------------------------------------------------

  CREATE UNIQUE INDEX "SYSTEM"."SYS_C008078" ON "SYSTEM"."PRODUCTS" ("ID") 
  PCTFREE 10 INITRANS 2 MAXTRANS 255 COMPUTE STATISTICS 
  STORAGE(INITIAL 65536 NEXT 1048576 MINEXTENTS 1 MAXEXTENTS 2147483645
  PCTINCREASE 0 FREELISTS 1 FREELIST GROUPS 1
  BUFFER_POOL DEFAULT FLASH_CACHE DEFAULT CELL_FLASH_CACHE DEFAULT)
  TABLESPACE "SYSTEM" ;
--------------------------------------------------------
--  DDL for Index SYS_C008097
--------------------------------------------------------

  CREATE UNIQUE INDEX "SYSTEM"."SYS_C008097" ON "SYSTEM"."REVIEWERS" ("ID") 
  PCTFREE 10 INITRANS 2 MAXTRANS 255 COMPUTE STATISTICS 
  STORAGE(INITIAL 65536 NEXT 1048576 MINEXTENTS 1 MAXEXTENTS 2147483645
  PCTINCREASE 0 FREELISTS 1 FREELIST GROUPS 1
  BUFFER_POOL DEFAULT FLASH_CACHE DEFAULT CELL_FLASH_CACHE DEFAULT)
  TABLESPACE "SYSTEM" ;
--------------------------------------------------------
--  DDL for Index SYS_C008101
--------------------------------------------------------

  CREATE UNIQUE INDEX "SYSTEM"."SYS_C008101" ON "SYSTEM"."USERS" ("ID") 
  PCTFREE 10 INITRANS 2 MAXTRANS 255 COMPUTE STATISTICS 
  STORAGE(INITIAL 65536 NEXT 1048576 MINEXTENTS 1 MAXEXTENTS 2147483645
  PCTINCREASE 0 FREELISTS 1 FREELIST GROUPS 1
  BUFFER_POOL DEFAULT FLASH_CACHE DEFAULT CELL_FLASH_CACHE DEFAULT)
  TABLESPACE "SYSTEM" ;
--------------------------------------------------------
--  DDL for Index SYS_C008091
--------------------------------------------------------

  CREATE UNIQUE INDEX "SYSTEM"."SYS_C008091" ON "SYSTEM"."ORDER_DETAILS" ("ID") 
  PCTFREE 10 INITRANS 2 MAXTRANS 255 COMPUTE STATISTICS 
  STORAGE(INITIAL 65536 NEXT 1048576 MINEXTENTS 1 MAXEXTENTS 2147483645
  PCTINCREASE 0 FREELISTS 1 FREELIST GROUPS 1
  BUFFER_POOL DEFAULT FLASH_CACHE DEFAULT CELL_FLASH_CACHE DEFAULT)
  TABLESPACE "SYSTEM" ;
--------------------------------------------------------
--  DDL for Index SYS_C008086
--------------------------------------------------------

  CREATE UNIQUE INDEX "SYSTEM"."SYS_C008086" ON "SYSTEM"."ORDERS" ("ID") 
  PCTFREE 10 INITRANS 2 MAXTRANS 255 COMPUTE STATISTICS 
  STORAGE(INITIAL 65536 NEXT 1048576 MINEXTENTS 1 MAXEXTENTS 2147483645
  PCTINCREASE 0 FREELISTS 1 FREELIST GROUPS 1
  BUFFER_POOL DEFAULT FLASH_CACHE DEFAULT CELL_FLASH_CACHE DEFAULT)
  TABLESPACE "SYSTEM" ;
--------------------------------------------------------
--  Constraints for Table BANNERS
--------------------------------------------------------

  ALTER TABLE "SYSTEM"."BANNERS" MODIFY ("ID" NOT NULL ENABLE);
  ALTER TABLE "SYSTEM"."BANNERS" ADD PRIMARY KEY ("ID")
  USING INDEX PCTFREE 10 INITRANS 2 MAXTRANS 255 COMPUTE STATISTICS 
  STORAGE(INITIAL 65536 NEXT 1048576 MINEXTENTS 1 MAXEXTENTS 2147483645
  PCTINCREASE 0 FREELISTS 1 FREELIST GROUPS 1
  BUFFER_POOL DEFAULT FLASH_CACHE DEFAULT CELL_FLASH_CACHE DEFAULT)
  TABLESPACE "SYSTEM"  ENABLE;
--------------------------------------------------------
--  Constraints for Table CATEGORIES
--------------------------------------------------------

  ALTER TABLE "SYSTEM"."CATEGORIES" MODIFY ("ID" NOT NULL ENABLE);
  ALTER TABLE "SYSTEM"."CATEGORIES" ADD PRIMARY KEY ("ID")
  USING INDEX PCTFREE 10 INITRANS 2 MAXTRANS 255 COMPUTE STATISTICS 
  STORAGE(INITIAL 65536 NEXT 1048576 MINEXTENTS 1 MAXEXTENTS 2147483645
  PCTINCREASE 0 FREELISTS 1 FREELIST GROUPS 1
  BUFFER_POOL DEFAULT FLASH_CACHE DEFAULT CELL_FLASH_CACHE DEFAULT)
  TABLESPACE "SYSTEM"  ENABLE;
--------------------------------------------------------
--  Constraints for Table CUSTOMERS
--------------------------------------------------------

  ALTER TABLE "SYSTEM"."CUSTOMERS" MODIFY ("ID" NOT NULL ENABLE);
  ALTER TABLE "SYSTEM"."CUSTOMERS" ADD PRIMARY KEY ("ID")
  USING INDEX PCTFREE 10 INITRANS 2 MAXTRANS 255 COMPUTE STATISTICS 
  STORAGE(INITIAL 65536 NEXT 1048576 MINEXTENTS 1 MAXEXTENTS 2147483645
  PCTINCREASE 0 FREELISTS 1 FREELIST GROUPS 1
  BUFFER_POOL DEFAULT FLASH_CACHE DEFAULT CELL_FLASH_CACHE DEFAULT)
  TABLESPACE "SYSTEM"  ENABLE;
--------------------------------------------------------
--  Constraints for Table PRODUCTS
--------------------------------------------------------

  ALTER TABLE "SYSTEM"."PRODUCTS" MODIFY ("ID" NOT NULL ENABLE);
  ALTER TABLE "SYSTEM"."PRODUCTS" MODIFY ("CATEGORY_ID" NOT NULL ENABLE);
  ALTER TABLE "SYSTEM"."PRODUCTS" ADD PRIMARY KEY ("ID")
  USING INDEX PCTFREE 10 INITRANS 2 MAXTRANS 255 COMPUTE STATISTICS 
  STORAGE(INITIAL 65536 NEXT 1048576 MINEXTENTS 1 MAXEXTENTS 2147483645
  PCTINCREASE 0 FREELISTS 1 FREELIST GROUPS 1
  BUFFER_POOL DEFAULT FLASH_CACHE DEFAULT CELL_FLASH_CACHE DEFAULT)
  TABLESPACE "SYSTEM"  ENABLE;
--------------------------------------------------------
--  Constraints for Table REVIEWERS
--------------------------------------------------------

  ALTER TABLE "SYSTEM"."REVIEWERS" MODIFY ("ID" NOT NULL ENABLE);
  ALTER TABLE "SYSTEM"."REVIEWERS" MODIFY ("PRODUCT_ID" NOT NULL ENABLE);
  ALTER TABLE "SYSTEM"."REVIEWERS" MODIFY ("CUSTOMER_ID" NOT NULL ENABLE);
  ALTER TABLE "SYSTEM"."REVIEWERS" ADD PRIMARY KEY ("ID")
  USING INDEX PCTFREE 10 INITRANS 2 MAXTRANS 255 COMPUTE STATISTICS 
  STORAGE(INITIAL 65536 NEXT 1048576 MINEXTENTS 1 MAXEXTENTS 2147483645
  PCTINCREASE 0 FREELISTS 1 FREELIST GROUPS 1
  BUFFER_POOL DEFAULT FLASH_CACHE DEFAULT CELL_FLASH_CACHE DEFAULT)
  TABLESPACE "SYSTEM"  ENABLE;
--------------------------------------------------------
--  Constraints for Table USERS
--------------------------------------------------------

  ALTER TABLE "SYSTEM"."USERS" MODIFY ("ID" NOT NULL ENABLE);
  ALTER TABLE "SYSTEM"."USERS" ADD PRIMARY KEY ("ID")
  USING INDEX PCTFREE 10 INITRANS 2 MAXTRANS 255 COMPUTE STATISTICS 
  STORAGE(INITIAL 65536 NEXT 1048576 MINEXTENTS 1 MAXEXTENTS 2147483645
  PCTINCREASE 0 FREELISTS 1 FREELIST GROUPS 1
  BUFFER_POOL DEFAULT FLASH_CACHE DEFAULT CELL_FLASH_CACHE DEFAULT)
  TABLESPACE "SYSTEM"  ENABLE;
  ALTER TABLE "SYSTEM"."USERS" ADD CHECK (enabled in (0,1)) ENABLE;
  ALTER TABLE "SYSTEM"."USERS" ADD CHECK (gender in (0,1)) ENABLE;
--------------------------------------------------------
--  Constraints for Table ORDER_DETAILS
--------------------------------------------------------

  ALTER TABLE "SYSTEM"."ORDER_DETAILS" MODIFY ("ID" NOT NULL ENABLE);
  ALTER TABLE "SYSTEM"."ORDER_DETAILS" MODIFY ("ORDER_ID" NOT NULL ENABLE);
  ALTER TABLE "SYSTEM"."ORDER_DETAILS" MODIFY ("PRODUCT_ID" NOT NULL ENABLE);
  ALTER TABLE "SYSTEM"."ORDER_DETAILS" ADD PRIMARY KEY ("ID")
  USING INDEX PCTFREE 10 INITRANS 2 MAXTRANS 255 COMPUTE STATISTICS 
  STORAGE(INITIAL 65536 NEXT 1048576 MINEXTENTS 1 MAXEXTENTS 2147483645
  PCTINCREASE 0 FREELISTS 1 FREELIST GROUPS 1
  BUFFER_POOL DEFAULT FLASH_CACHE DEFAULT CELL_FLASH_CACHE DEFAULT)
  TABLESPACE "SYSTEM"  ENABLE;
--------------------------------------------------------
--  Constraints for Table ORDERS
--------------------------------------------------------

  ALTER TABLE "SYSTEM"."ORDERS" MODIFY ("ID" NOT NULL ENABLE);
  ALTER TABLE "SYSTEM"."ORDERS" MODIFY ("CUSTOMER_ID" NOT NULL ENABLE);
  ALTER TABLE "SYSTEM"."ORDERS" ADD PRIMARY KEY ("ID")
  USING INDEX PCTFREE 10 INITRANS 2 MAXTRANS 255 COMPUTE STATISTICS 
  STORAGE(INITIAL 65536 NEXT 1048576 MINEXTENTS 1 MAXEXTENTS 2147483645
  PCTINCREASE 0 FREELISTS 1 FREELIST GROUPS 1
  BUFFER_POOL DEFAULT FLASH_CACHE DEFAULT CELL_FLASH_CACHE DEFAULT)
  TABLESPACE "SYSTEM"  ENABLE;
--------------------------------------------------------
--  Ref Constraints for Table PRODUCTS
--------------------------------------------------------

  ALTER TABLE "SYSTEM"."PRODUCTS" ADD FOREIGN KEY ("CATEGORY_ID")
	  REFERENCES "SYSTEM"."CATEGORIES" ("ID") ENABLE;
--------------------------------------------------------
--  Ref Constraints for Table REVIEWERS
--------------------------------------------------------

  ALTER TABLE "SYSTEM"."REVIEWERS" ADD FOREIGN KEY ("PRODUCT_ID")
	  REFERENCES "SYSTEM"."PRODUCTS" ("ID") ENABLE;
  ALTER TABLE "SYSTEM"."REVIEWERS" ADD FOREIGN KEY ("CUSTOMER_ID")
	  REFERENCES "SYSTEM"."CUSTOMERS" ("ID") ENABLE;
--------------------------------------------------------
--  Ref Constraints for Table ORDER_DETAILS
--------------------------------------------------------

  ALTER TABLE "SYSTEM"."ORDER_DETAILS" ADD FOREIGN KEY ("ORDER_ID")
	  REFERENCES "SYSTEM"."ORDERS" ("ID") ENABLE;
  ALTER TABLE "SYSTEM"."ORDER_DETAILS" ADD FOREIGN KEY ("PRODUCT_ID")
	  REFERENCES "SYSTEM"."PRODUCTS" ("ID") ENABLE;
--------------------------------------------------------
--  Ref Constraints for Table ORDERS
--------------------------------------------------------

  ALTER TABLE "SYSTEM"."ORDERS" ADD FOREIGN KEY ("CUSTOMER_ID")
	  REFERENCES "SYSTEM"."CUSTOMERS" ("ID") ENABLE;
